ИНН;КПП;Название организации;Имя файла;Номер документа;Дата документа;Всего;Валюта;НДС;НДС 10%;НДС 18%;НДС 20%;Дата доставки;Статус документа;Дата тарификации;Дата изменения статуса;Подразделение;ФИО ответственного;Комментарий;Ссылка;Удален
5401359124;425301001;"ООО ""Гринлайт""";УПД №210105/38/0001 от 05.01.21;210105/38/0001;05.01.2021;526,76;RUB - Российский рубль;87,8;0;0;87,8;05.01.2021 11:53;Требуется подпись;;05.01.2021 11:05;Головное подразделение;;;https://diadoc.kontur.ru/09cbf3c9-81c6-4000-bd85-47dad3018c22/Document/Show?letterId=ae6dd8d8-3d97-4deb-9ab2-8ed820a86e1f&documentId=307c4813-2d19-4138-8158-fa0dd1e566c2;
5401359124;425301001;"ООО ""Гринлайт""";УПД №210122/40/0018 от 22.01.21;210122/40/0018;22.01.2021;48,71;RUB - Российский рубль;8,12;0;0;8,12;22.01.2021 12:20;Требуется подпись;;22.01.2021 8:42;Головное подразделение;;;https://diadoc.kontur.ru/09cbf3c9-81c6-4000-bd85-47dad3018c22/Document/Show?letterId=0feec8df-ae4d-444a-8e33-d631e0606dd0&documentId=232640f6-34f2-4dd4-89ce-f498be8029e1;
5401359124;425301001;"ООО ""Гринлайт""";УПД №210202/44/0002 от 02.02.21;210202/44/0002;02.02.2021;388,94;RUB - Российский рубль;64,82;0;0;64,82;02.02.2021 6:14;Требуется подпись;;02.02.2021 3:00;Головное подразделение;;;https://diadoc.kontur.ru/09cbf3c9-81c6-4000-bd85-47dad3018c22/Document/Show?letterId=70618ec3-e484-4f26-bc71-77db16ba1c46&documentId=9f6763a4-a3e3-46c9-b1ef-dee89e1e8006;
5401359124;425301001;"ООО ""Гринлайт""";УПД №210209/15/0222 от 09.02.21;210209/15/0222;09.02.2021;2 869,27;RUB - Российский рубль;478,21;0;0;478,21;10.02.2021 11:09;Требуется подпись;;10.02.2021 7:12;Головное подразделение;;;https://diadoc.kontur.ru/09cbf3c9-81c6-4000-bd85-47dad3018c22/Document/Show?letterId=767ab7f4-15c4-4c41-97c5-d91b9da59087&documentId=5e99c8b0-92ce-4763-a248-d9824b4c3ae8;
5401359124;425301001;"ООО ""Гринлайт""";УПД №210210/43/0058 от 10.02.21;210210/43/0058;10.02.2021;745,05;RUB - Российский рубль;124,18;0;0;124,18;10.02.2021 16:14;Требуется подпись;;10.02.2021 12:19;Головное подразделение;;;https://diadoc.kontur.ru/09cbf3c9-81c6-4000-bd85-47dad3018c22/Document/Show?letterId=7de96ccd-70b9-42e0-9969-305b8f3fe8cb&documentId=284ce510-ee14-40b8-bcff-800e398a7aa1;
5401359124;425301001;"ООО ""Гринлайт""";УПД №210212/85/0083 от 12.02.21;210212/85/0083;12.02.2021;4 977,24;RUB - Российский рубль;829,54;0;0;829,54;12.02.2021 19:43;Требуется подпись;;12.02.2021 16:08;Головное подразделение;;;https://diadoc.kontur.ru/09cbf3c9-81c6-4000-bd85-47dad3018c22/Document/Show?letterId=1c4630d6-c79a-4dfe-a50b-b59874828144&documentId=412565d0-2d46-423f-a956-1d6ba19c9964;
5401359124;425301001;"ООО ""Гринлайт""";УПД №210215/14/0046 от 15.02.21;210215/14/0046;15.02.2021;4 885,25;RUB - Российский рубль;814,2;0;0;814,2;15.02.2021 9:55;Требуется подпись;;15.02.2021 6:10;Головное подразделение;;;https://diadoc.kontur.ru/09cbf3c9-81c6-4000-bd85-47dad3018c22/Document/Show?letterId=60c469d1-3951-4a14-993c-6545977f8109&documentId=c4cfc8c0-24eb-47da-b921-919145dfeaa1;
5401359124;425301001;"ООО ""Гринлайт""";УПД №210225/17/0109 от 25.02.21;210225/17/0109;25.02.2021;1 076,98;RUB - Российский рубль;179,49;0;0;179,49;25.02.2021 14:40;Требуется подпись;;25.02.2021 10:41;Головное подразделение;;;https://diadoc.kontur.ru/09cbf3c9-81c6-4000-bd85-47dad3018c22/Document/Show?letterId=c2aba0e1-0de7-49f3-aaaf-bd3f9bcfadee&documentId=2932385f-6316-4a92-bc72-4e011d2ccf6f;
5401359124;425301001;"ООО ""Гринлайт""";УПД №210225/14/0029 от 25.02.21;210225/14/0029;25.02.2021;414,92;RUB - Российский рубль;69,15;0;0;69,15;25.02.2021 8:53;Требуется подпись;;25.02.2021 4:56;Головное подразделение;;;https://diadoc.kontur.ru/09cbf3c9-81c6-4000-bd85-47dad3018c22/Document/Show?letterId=dc0c14ef-047e-49f2-bb91-2e28c9061821&documentId=6b1cb8a0-f1c5-498b-a027-e7dd0e3f1645;
5401359124;425301001;"ООО ""Гринлайт""";УПД №210227/41/0001 от 27.02.21;210227/41/0001;27.02.2021;6 071,36;RUB - Российский рубль;1 011,90;0;0;1 011,90;27.02.2021 12:23;Требуется подпись;;27.02.2021 8:53;Головное подразделение;;;https://diadoc.kontur.ru/09cbf3c9-81c6-4000-bd85-47dad3018c22/Document/Show?letterId=de9aa764-5dd5-4018-beed-1c4fe788560b&documentId=c9ebbdd8-e928-418a-8d49-162954f2a9ef;
5401359124;425301001;"ООО ""Гринлайт""";УПД №210312/44/0017 от 12.03.21;210312/44/0017;12.03.2021;3 659,94;RUB - Российский рубль;609,98;0;0;609,98;12.03.2021 6:50;Требуется подпись;;12.03.2021 5:27;Головное подразделение;;;https://diadoc.kontur.ru/09cbf3c9-81c6-4000-bd85-47dad3018c22/Document/Show?letterId=62b13158-794a-414e-a15d-a910407b2459&documentId=4b6805dd-82ad-410b-910c-34771be3e519;
5401359124;425301001;"ООО ""Гринлайт""";УПД №210319/40/0001 от 19.03.21;210319/40/0001;19.03.2021;3 671,14;RUB - Российский рубль;611,86;0;0;611,86;19.03.2021 12:37;Требуется подпись;;19.03.2021 8:51;Головное подразделение;;;https://diadoc.kontur.ru/09cbf3c9-81c6-4000-bd85-47dad3018c22/Document/Show?letterId=cb306252-45a6-42ad-8fb5-a75d61d01bf3&documentId=aeeb1a1c-d60c-4d1b-b43e-5c85ed0c3c5b;
5401359124;425301001;"ООО ""Гринлайт""";УПД №210327/27/0265 от 27.03.21;210327/27/0265;27.03.2021;14 496,94;RUB - Российский рубль;2 416,16;0;0;2 416,16;27.03.2021 17:43;Требуется подпись;;27.03.2021 13:47;Головное подразделение;;;https://diadoc.kontur.ru/09cbf3c9-81c6-4000-bd85-47dad3018c22/Document/Show?letterId=a102ce69-267d-4479-9984-9d15b2467949&documentId=377359c0-456b-41c9-bd6b-ce0497ac233b;
5401359124;425301001;"ООО ""Гринлайт""";УПД №210330/40/0118 от 30.03.21;210330/40/0118;30.03.2021;2 993,74;RUB - Российский рубль;498,96;0;0;498,96;30.03.2021 21:02;Требуется подпись;;31.03.2021 4:57;Головное подразделение;;;https://diadoc.kontur.ru/09cbf3c9-81c6-4000-bd85-47dad3018c22/Document/Show?letterId=6af3db9c-9f2f-4ee4-ab22-30d90aab6601&documentId=40483bb0-08e2-42b1-8da5-350f5848829f;
5401359124;425301001;"ООО ""Гринлайт""";УПД №210330/32/0141 от 30.03.21;210330/32/0141;30.03.2021;517,19;RUB - Российский рубль;86,2;0;0;86,2;30.03.2021 9:27;Требуется подпись;;30.03.2021 5:36;Головное подразделение;;;https://diadoc.kontur.ru/09cbf3c9-81c6-4000-bd85-47dad3018c22/Document/Show?letterId=63d7de77-5983-4748-8a5f-d5d8e4507d59&documentId=8815c891-854e-40ac-8bcb-7162e6ef4b6a;
5401359124;425301001;"ООО ""Гринлайт""";УПД №210406/92/0050 от 06.04.21;210406/92/0050;06.04.2021;744,13;RUB - Российский рубль;124,02;0;0;124,02;06.04.2021 17:47;Требуется подпись;;06.04.2021 14:00;Головное подразделение;;;https://diadoc.kontur.ru/09cbf3c9-81c6-4000-bd85-47dad3018c22/Document/Show?letterId=f107a3e9-dab9-4b10-b349-f335cb159a70&documentId=2b737f4b-a2bb-4bde-beeb-de175fa44efa;
5401359124;425301001;"ООО ""Гринлайт""";УПД №210416/05/0542 от 16.04.21;210416/05/0542;16.04.2021;2 193,66;RUB - Российский рубль;365,61;0;0;365,61;16.04.2021 16:15;Требуется подпись;;16.04.2021 12:40;Головное подразделение;;;https://diadoc.kontur.ru/09cbf3c9-81c6-4000-bd85-47dad3018c22/Document/Show?letterId=1e33c203-0137-4b91-bc19-ae5faf1c7cb6&documentId=857d2039-8df6-414d-9755-9f21d338f754;
5401359124;425301001;"ООО ""Гринлайт""";УПД №210416/18/0102 от 16.04.21;210416/18/0102;16.04.2021;9 606,30;RUB - Российский рубль;1 601,04;0;0;1 601,04;16.04.2021 11:35;Требуется подпись;;16.04.2021 7:46;Головное подразделение;;;https://diadoc.kontur.ru/09cbf3c9-81c6-4000-bd85-47dad3018c22/Document/Show?letterId=96529e63-eaaa-4f2a-bd7f-64b65977e262&documentId=77114ba8-9a24-40a6-84bc-6e79365e4ae1;
5401359124;425301001;"ООО ""Гринлайт""";УПД №210417/78/0068 от 17.04.21;210417/78/0068;17.04.2021;8 081,93;RUB - Российский рубль;1 347,00;0;0;1 347,00;17.04.2021 14:59;Требуется подпись;;19.04.2021 7:09;Головное подразделение;;;https://diadoc.kontur.ru/09cbf3c9-81c6-4000-bd85-47dad3018c22/Document/Show?letterId=fce313d0-afc9-4a21-987c-c47c34a84df0&documentId=f387601f-3d83-472e-8c85-61de5977205f;
5401359124;425301001;"ООО ""Гринлайт""";УПД №210420/40/0097 от 20.04.21;210420/40/0097;20.04.2021;1 298,88;RUB - Российский рубль;216,48;0;0;216,48;20.04.2021 21:22;Требуется подпись;;20.04.2021 23:13;Головное подразделение;;;https://diadoc.kontur.ru/09cbf3c9-81c6-4000-bd85-47dad3018c22/Document/Show?letterId=98b9bcd0-cdf1-4d21-8b6a-6ee559cdbb1f&documentId=af36d142-06a8-42d3-a565-3f504285e1a4;
5401359124;425301001;"ООО ""Гринлайт""";УПД №210421/67/0084 от 21.04.21;210421/67/0084;21.04.2021;7 681,43;RUB - Российский рубль;1 280,24;0;0;1 280,24;21.04.2021 11:26;Требуется подпись;;21.04.2021 7:30;Головное подразделение;;;https://diadoc.kontur.ru/09cbf3c9-81c6-4000-bd85-47dad3018c22/Document/Show?letterId=274840f5-ad3a-4fb4-bea3-8ccaa2245fbf&documentId=41fba2d3-e606-42b9-9a72-cd84df400e71;
5401359124;425301001;"ООО ""Гринлайт""";УПД №210430/39/0482 от 30.04.21;210430/39/0482;30.04.2021;84 617,25;RUB - Российский рубль;14 102,90;0;0;14 102,90;30.04.2021 17:20;Требуется подпись;;30.04.2021 13:37;Головное подразделение;;;https://diadoc.kontur.ru/09cbf3c9-81c6-4000-bd85-47dad3018c22/Document/Show?letterId=8af40e79-376f-4d07-b9fb-f408e83f4cbb&documentId=d43f0a04-3510-4cf6-96f2-8fec4b643bb2;
5401359124;425301001;"ООО ""Гринлайт""";УПД №210501/41/0001 от 01.05.21;210501/41/0001;01.05.2021;6 569,53;RUB - Российский рубль;1 094,92;0;0;1 094,92;01.05.2021 12:11;Требуется подпись;;01.05.2021 10:33;Головное подразделение;;;https://diadoc.kontur.ru/09cbf3c9-81c6-4000-bd85-47dad3018c22/Document/Show?letterId=657ca592-796e-4de4-aed6-8e679a11fddb&documentId=b6b70473-0895-489b-912a-0581d4483ce6;
5401359124;425301001;"ООО ""Гринлайт""";УПД №210504/01/0280 от 04.05.21;210504/01/0280;04.05.2021;3 547,57;RUB - Российский рубль;591,26;0;0;591,26;05.05.2021 14:53;Требуется подпись;;05.05.2021 11:01;Головное подразделение;;;https://diadoc.kontur.ru/09cbf3c9-81c6-4000-bd85-47dad3018c22/Document/Show?letterId=488b2104-0591-445e-9915-8d0d3d03013e&documentId=5e7e9b43-9b93-4fb3-9744-1a16cf62f182;
5401359124;425301001;"ООО ""Гринлайт""";УПД №210505/40/0032 от 05.05.21;210505/40/0032;05.05.2021;2 802,51;RUB - Российский рубль;467,09;0;0;467,09;05.05.2021 12:35;Требуется подпись;;05.05.2021 8:40;Головное подразделение;;;https://diadoc.kontur.ru/09cbf3c9-81c6-4000-bd85-47dad3018c22/Document/Show?letterId=9c83a9e9-e91e-4450-afc3-f0149432ab7e&documentId=68b554f2-5024-4e61-89fc-3daa448b8844;
5401359124;425301001;"ООО ""Гринлайт""";УПД №210505/05/0293 от 05.05.21;210505/05/0293;05.05.2021;20 617,01;RUB - Российский рубль;3 436,17;0;0;3 436,17;05.05.2021 11:39;Требуется подпись;;05.05.2021 7:39;Головное подразделение;;;https://diadoc.kontur.ru/09cbf3c9-81c6-4000-bd85-47dad3018c22/Document/Show?letterId=494303ee-0430-478f-86e3-dd2e5e6b03db&documentId=595f9666-4d11-4465-94c9-c1a5cdb216e9;
5401359124;425301001;"ООО ""Гринлайт""";УПД №210507/78/0073 от 07.05.21;210507/78/0073;07.05.2021;4 185,28;RUB - Российский рубль;697,55;0;0;697,55;07.05.2021 13:54;Требуется подпись;;07.05.2021 10:08;Головное подразделение;;;https://diadoc.kontur.ru/09cbf3c9-81c6-4000-bd85-47dad3018c22/Document/Show?letterId=2fed745e-3afa-476c-af1c-57d9bcb2984d&documentId=98cd078a-0098-49b8-ab1a-999418ecc5c5;
5401359124;425301001;"ООО ""Гринлайт""";УПД №210522/08/0002 от 22.05.21;210522/08/0002;22.05.2021;511,58;RUB - Российский рубль;85,26;0;0;85,26;22.05.2021 6:30;Требуется подпись;;22.05.2021 2:48;Головное подразделение;;;https://diadoc.kontur.ru/09cbf3c9-81c6-4000-bd85-47dad3018c22/Document/Show?letterId=a4556d82-a1c0-4299-b6b6-ba1934c73b41&documentId=d18ff867-b882-40a9-9769-62d0f69b5445;
5401359124;425301001;"ООО ""Гринлайт""";УПД №210524/18/0323 от 24.05.21;210524/18/0323;24.05.2021;3 774,87;RUB - Российский рубль;629,14;0;0;629,14;24.05.2021 16:24;Требуется подпись;;24.05.2021 12:27;Головное подразделение;;;https://diadoc.kontur.ru/09cbf3c9-81c6-4000-bd85-47dad3018c22/Document/Show?letterId=9b87affb-ae3e-4dd0-ba62-b1837ccc8987&documentId=6e50bc8e-223e-4ef4-842b-62e0e6598f8b;
5401359124;425301001;"ООО ""Гринлайт""";УПД №210524/08/0011 от 24.05.21;210524/08/0011;24.05.2021;671,01;RUB - Российский рубль;111,83;0;0;111,83;24.05.2021 6:31;Требуется подпись;;24.05.2021 2:42;Головное подразделение;;;https://diadoc.kontur.ru/09cbf3c9-81c6-4000-bd85-47dad3018c22/Document/Show?letterId=de741694-d138-423b-99aa-186dff5703ad&documentId=6021b178-844a-426b-9bf9-944502fb307d;
5401359124;425301001;"ООО ""Гринлайт""";УПД №210525/08/0003 от 25.05.21;210525/08/0003;25.05.2021;4 376,49;RUB - Российский рубль;729,41;0;0;729,41;25.05.2021 6:31;Требуется подпись;;25.05.2021 5:08;Головное подразделение;;;https://diadoc.kontur.ru/09cbf3c9-81c6-4000-bd85-47dad3018c22/Document/Show?letterId=a82b5e7c-8d20-4af0-bea0-07d48b9fe48c&documentId=def4e941-2a8c-406f-b9b5-5e7603432a4d;
5401359124;425301001;"ООО ""Гринлайт""";УПД №210525/40/0113 от 25.05.21;210525/40/0113;25.05.2021;2 444,42;RUB - Российский рубль;407,41;0;0;407,41;25.05.2021 20:20;Требуется подпись;;25.05.2021 16:22;Головное подразделение;;;https://diadoc.kontur.ru/09cbf3c9-81c6-4000-bd85-47dad3018c22/Document/Show?letterId=8efb569a-602e-4d8e-808f-fa16c25b1678&documentId=4228455c-3443-46de-ae85-9b3c81a7d3e9;
5401359124;425301001;"ООО ""Гринлайт""";УПД №210528/18/0143 от 28.05.21;210528/18/0143;28.05.2021;21 445,95;RUB - Российский рубль;3 574,34;0;0;3 574,34;28.05.2021 12:59;Требуется подпись;;28.05.2021 9:27;Головное подразделение;;;https://diadoc.kontur.ru/09cbf3c9-81c6-4000-bd85-47dad3018c22/Document/Show?letterId=dd6c50e8-5610-42c7-a244-425c4d701cef&documentId=e64f7ac0-eca8-40f9-825b-18d17067e675;
5401359124;425301001;"ООО ""Гринлайт""";УПД №210601/75/0002 от 01.06.21;210601/75/0002;01.06.2021;1 821,16;RUB - Российский рубль;303,53;0;0;303,53;01.06.2021 6:59;Требуется подпись;;01.06.2021 4:30;Головное подразделение;;;https://diadoc.kontur.ru/09cbf3c9-81c6-4000-bd85-47dad3018c22/Document/Show?letterId=18ab78be-0277-4050-b70a-a76e28627206&documentId=f957f638-827e-47a3-9288-c4b01af681d6;
5401359124;425301001;"ООО ""Гринлайт""";УПД №210601/14/0013 от 01.06.21;210601/14/0013;01.06.2021;11 227,20;RUB - Российский рубль;1 871,20;0;0;1 871,20;01.06.2021 9:10;Требуется подпись;;01.06.2021 5:15;Головное подразделение;;;https://diadoc.kontur.ru/09cbf3c9-81c6-4000-bd85-47dad3018c22/Document/Show?letterId=ca4c9eda-054d-4704-a099-75c14c7f0c31&documentId=65b5429c-ca25-4782-b199-5147e6de757d;
5401359124;425301001;"ООО ""Гринлайт""";УПД №210605/78/0046 от 05.06.21;210605/78/0046;05.06.2021;3 335,60;RUB - Российский рубль;555,94;0;0;555,94;05.06.2021 14:36;Требуется подпись;;05.06.2021 10:38;Головное подразделение;;;https://diadoc.kontur.ru/09cbf3c9-81c6-4000-bd85-47dad3018c22/Document/Show?letterId=037df8f7-30f4-4c2d-8e7f-dde5f07c177a&documentId=e030782d-53f6-45c9-a37e-55c17ae583af;
5401359124;425301001;"ООО ""Гринлайт""";УПД №210609/01/0352 от 09.06.21;210609/01/0352;09.06.2021;1 770,96;RUB - Российский рубль;295,16;0;0;295,16;09.06.2021 17:09;Требуется подпись;;09.06.2021 13:10;Головное подразделение;;;https://diadoc.kontur.ru/09cbf3c9-81c6-4000-bd85-47dad3018c22/Document/Show?letterId=d7d80c1f-8cef-4ba0-ba04-8429e4debd71&documentId=d48845ab-72b7-466f-a8c8-9051da8a6e33;
5401359124;425301001;"ООО ""Гринлайт""";УПД №210616/63/0151 от 16.06.21;210616/63/0151;16.06.2021;737,84;RUB - Российский рубль;122,97;0;0;122,97;16.06.2021 14:06;Требуется подпись;;16.06.2021 10:27;Головное подразделение;;;https://diadoc.kontur.ru/09cbf3c9-81c6-4000-bd85-47dad3018c22/Document/Show?letterId=95d97847-d838-45a1-8783-d6dde81d286e&documentId=b6bd9a85-edc0-4720-93d5-c1fcfc40d6b4;
5401359124;425301001;"ООО ""Гринлайт""";УПД №210617/18/0243 от 17.06.21;210617/18/0243;17.06.2021;16 412,79;RUB - Российский рубль;2 735,46;0;0;2 735,46;17.06.2021 15:48;Требуется подпись;;17.06.2021 11:48;Головное подразделение;;;https://diadoc.kontur.ru/09cbf3c9-81c6-4000-bd85-47dad3018c22/Document/Show?letterId=e7578be7-c22c-44f3-8443-03ec0bd056e2&documentId=ca9ab637-0bfc-4da0-bb60-e4af2c41d223;
5401359124;425301001;"ООО ""Гринлайт""";УПД №210618/78/0096 от 18.06.21;210618/78/0096;18.06.2021;12 854,41;RUB - Российский рубль;2 142,40;0;0;2 142,40;18.06.2021 14:57;Требуется подпись;;18.06.2021 11:10;Головное подразделение;;;https://diadoc.kontur.ru/09cbf3c9-81c6-4000-bd85-47dad3018c22/Document/Show?letterId=b8c0c728-2738-4a98-a981-0ecd89b6f770&documentId=2e8aaafa-662d-472d-b0d9-7a2b3eec11ce;
5401359124;425301001;"ООО ""Гринлайт""";УПД №210618/19/1102 от 18.06.21;210618/19/1102;18.06.2021;191,52;RUB - Российский рубль;31,92;0;0;31,92;18.06.2021 16:00;Требуется подпись;;18.06.2021 12:03;Головное подразделение;;;https://diadoc.kontur.ru/09cbf3c9-81c6-4000-bd85-47dad3018c22/Document/Show?letterId=7af40736-2544-4885-b548-bf068b3cf76b&documentId=312262c9-e70a-4100-a413-425db438869b;
5401359124;425301001;"ООО ""Гринлайт""";УПД №210619/78/0081 от 19.06.21;210619/78/0081;19.06.2021;1 468,46;RUB - Российский рубль;244,75;0;0;244,75;19.06.2021 15:44;Требуется подпись;;19.06.2021 12:13;Головное подразделение;;;https://diadoc.kontur.ru/09cbf3c9-81c6-4000-bd85-47dad3018c22/Document/Show?letterId=8a3c70b6-1013-4e6a-8b42-536900af2bfb&documentId=8d6de0d7-10d5-4a65-817f-30c9130f258d;
5401359124;425301001;"ООО ""Гринлайт""";УПД №210621/40/0019 от 21.06.21;210621/40/0019;21.06.2021;7 285,45;RUB - Российский рубль;1 214,25;0;0;1 214,25;21.06.2021 13:26;Требуется подпись;;21.06.2021 9:38;Головное подразделение;;;https://diadoc.kontur.ru/09cbf3c9-81c6-4000-bd85-47dad3018c22/Document/Show?letterId=68304321-4180-490c-8a4a-b8efbef98da7&documentId=c96b713e-f250-426f-aec0-18c6bf82e61e;
5401359124;425301001;"ООО ""Гринлайт""";УПД №210625/22/0057 от 25.06.21;210625/22/0057;25.06.2021;2 404,74;RUB - Российский рубль;400,79;0;0;400,79;25.06.2021 13:49;Требуется подпись;;25.06.2021 9:51;Головное подразделение;;;https://diadoc.kontur.ru/09cbf3c9-81c6-4000-bd85-47dad3018c22/Document/Show?letterId=14fdc9fa-9740-4d84-9c31-799f193f93f6&documentId=95d2e1e0-212e-42eb-842b-964f798a7b20;
5401359124;425301001;"ООО ""Гринлайт""";УПД №210701/01/0242 от 01.07.21;210701/01/0242;01.07.2021;21 858,15;RUB - Российский рубль;3 643,03;0;0;3 643,03;01.07.2021 14:08;Требуется подпись;;01.07.2021 10:15;Головное подразделение;;;https://diadoc.kontur.ru/09cbf3c9-81c6-4000-bd85-47dad3018c22/Document/Show?letterId=20e88ca3-34cc-4f64-ae9b-0dffc8324cc1&documentId=7a0b287e-0f5f-43b6-9a13-61195ca8a5f6;
5401359124;425301001;"ООО ""Гринлайт""";УПД №210709/35/0146 от 09.07.21;210709/35/0146;09.07.2021;3 475,09;RUB - Российский рубль;579,18;0;0;579,18;10.07.2021 10:56;Требуется подпись;;10.07.2021 6:56;Головное подразделение;;;https://diadoc.kontur.ru/09cbf3c9-81c6-4000-bd85-47dad3018c22/Document/Show?letterId=cf7890bc-7bcb-48e5-961e-96880cba8c2e&documentId=dc0aa532-2852-43fc-999a-94259c2e9ac8;
5401359124;425301001;"ООО ""Гринлайт""";УПД №210709/30/0154 от 09.07.21;210709/30/0154;09.07.2021;5 295,65;RUB - Российский рубль;882,61;0;0;882,61;09.07.2021 9:59;Требуется подпись;;09.07.2021 6:13;Головное подразделение;;;https://diadoc.kontur.ru/09cbf3c9-81c6-4000-bd85-47dad3018c22/Document/Show?letterId=c71aae65-02af-4897-a874-4fe1c11648b7&documentId=e4d9094f-72ac-4e17-9388-8e81d773d3fd;
5401359124;425301001;"ООО ""Гринлайт""";УПД №210713/35/0029 от 13.07.21;210713/35/0029;13.07.2021;5 199,05;RUB - Российский рубль;866,5;0;0;866,5;13.07.2021 8:38;Требуется подпись;;13.07.2021 4:47;Головное подразделение;;;https://diadoc.kontur.ru/09cbf3c9-81c6-4000-bd85-47dad3018c22/Document/Show?letterId=258eaebb-2a08-4a31-af1f-010634f68f19&documentId=f5c3e22c-d7b5-4bab-abbe-3c45e4bc1fda;
5401359124;425301001;"ООО ""Гринлайт""";УПД №210714/01/0087 от 14.07.21;210714/01/0087;14.07.2021;1 527,09;RUB - Российский рубль;254,52;0;0;254,52;14.07.2021 11:20;Требуется подпись;;14.07.2021 7:31;Головное подразделение;;;https://diadoc.kontur.ru/09cbf3c9-81c6-4000-bd85-47dad3018c22/Document/Show?letterId=4b32d701-1e94-4b0e-ba67-8fa0ce8d47c2&documentId=ec25d6ab-e75c-4f00-9496-81ef55d8f4b0;
5401359124;425301001;"ООО ""Гринлайт""";УПД №210716/32/0326 от 16.07.21;210716/32/0326;16.07.2021;7 109,62;RUB - Российский рубль;1 184,94;0;0;1 184,94;03.08.2021 13:43;Требуется подпись;;03.08.2021 9:51;Головное подразделение;;;https://diadoc.kontur.ru/09cbf3c9-81c6-4000-bd85-47dad3018c22/Document/Show?letterId=c7e976bc-4197-4e99-82c0-963c1c1ce21d&documentId=033e5f01-0c2e-4514-a09a-92efe6a04163;
5401359124;425301001;"ООО ""Гринлайт""";УПД №210717/44/0155 от 17.07.21;210717/44/0155;17.07.2021;4 198,67;RUB - Российский рубль;699,78;0;0;699,78;26.07.2021 8:53;Требуется подпись;;26.07.2021 5:04;Головное подразделение;;;https://diadoc.kontur.ru/09cbf3c9-81c6-4000-bd85-47dad3018c22/Document/Show?letterId=9963475b-19aa-4bab-9539-170aebf30176&documentId=6b6cc6cf-0adc-4808-9e1a-ec3bc240b43f;
5401359124;425301001;"ООО ""Гринлайт""";УПД №210722/44/0184 от 22.07.21;210722/44/0184;22.07.2021;1 319,26;RUB - Российский рубль;219,88;0;0;219,88;26.07.2021 8:45;Требуется подпись;;26.07.2021 5:04;Головное подразделение;;;https://diadoc.kontur.ru/09cbf3c9-81c6-4000-bd85-47dad3018c22/Document/Show?letterId=603d7b8b-0b5c-4a8a-8ca4-e72c69a78c42&documentId=5f5ce1e1-56c4-49aa-9c41-9e1a5b6f8fdf;
5401359124;425301001;"ООО ""Гринлайт""";УПД №210730/01/0012 от 30.07.21;210730/01/0012;30.07.2021;9 829,09;RUB - Российский рубль;1 638,19;0;0;1 638,19;30.07.2021 9:20;Требуется подпись;;30.07.2021 5:40;Головное подразделение;;;https://diadoc.kontur.ru/09cbf3c9-81c6-4000-bd85-47dad3018c22/Document/Show?letterId=0d768362-198e-40f1-86b9-b41d57f97559&documentId=8df50aee-5eb2-4753-a2ff-894c0a6cab2d;
5401359124;425301001;"ООО ""Гринлайт""";УПД №210731/32/0268 от 31.07.21;210731/32/0268;31.07.2021;1 578,56;RUB - Российский рубль;263,09;0;0;263,09;13.08.2021 14:34;Требуется подпись;;13.08.2021 10:49;Головное подразделение;;;https://diadoc.kontur.ru/09cbf3c9-81c6-4000-bd85-47dad3018c22/Document/Show?letterId=c7040a41-cf8c-4150-9818-954c366a4c84&documentId=ad634116-fc70-43e2-81b5-3cf9431b734e;
5401359124;425301001;"ООО ""Гринлайт""";УПД №210802/75/0001 от 02.08.21;210802/75/0001;02.08.2021;3 977,03;RUB - Российский рубль;662,84;0;0;662,84;02.08.2021 7:53;Требуется подпись;;02.08.2021 5:22;Головное подразделение;;;https://diadoc.kontur.ru/09cbf3c9-81c6-4000-bd85-47dad3018c22/Document/Show?letterId=c88c7591-7eac-4018-97bb-0de2aee13118&documentId=dc292c16-d455-45ae-b44b-2dd2ae838672;
5401359124;425301001;"ООО ""Гринлайт""";УПД №210803/35/0064 от 03.08.21;210803/35/0064;03.08.2021;986,53;RUB - Российский рубль;164,42;0;0;164,42;03.08.2021 10:55;Требуется подпись;;03.08.2021 6:58;Головное подразделение;;;https://diadoc.kontur.ru/09cbf3c9-81c6-4000-bd85-47dad3018c22/Document/Show?letterId=66da52f1-4838-404c-8f4b-1d3600a6ac84&documentId=4c3c62fb-503e-4987-8ca9-623cee630cda;
5401359124;425301001;"ООО ""Гринлайт""";УПД №210804/08/0213 от 04.08.21;210804/08/0213;04.08.2021;495,82;RUB - Российский рубль;82,64;0;0;82,64;05.08.2021 9:29;Требуется подпись;;05.08.2021 5:30;Головное подразделение;;;https://diadoc.kontur.ru/09cbf3c9-81c6-4000-bd85-47dad3018c22/Document/Show?letterId=14fee2c3-0b43-4d54-8438-f8c92734e208&documentId=d4b9051b-fa09-45c1-8b43-d79d9a1cd67f;
5401359124;425301001;"ООО ""Гринлайт""";УПД №210805/44/0159 от 05.08.21;210805/44/0159;05.08.2021;6 841,56;RUB - Российский рубль;1 140,26;0;0;1 140,26;09.08.2021 9:21;Требуется подпись;;09.08.2021 5:24;Головное подразделение;;;https://diadoc.kontur.ru/09cbf3c9-81c6-4000-bd85-47dad3018c22/Document/Show?letterId=e3396871-3c47-43f4-b5fe-3f85c9d49954&documentId=fe6677c2-8507-444b-a9e8-5a3015cdce5c;
5401359124;425301001;"ООО ""Гринлайт""";УПД №210806/05/0037 от 06.08.21;210806/05/0037;06.08.2021;3 001,86;RUB - Российский рубль;500,31;0;0;500,31;06.08.2021 9:18;Требуется подпись;;06.08.2021 5:23;Головное подразделение;;;https://diadoc.kontur.ru/09cbf3c9-81c6-4000-bd85-47dad3018c22/Document/Show?letterId=003178a2-8c04-4bf8-8152-a7e458231639&documentId=dea0f496-f0c4-422b-96b6-bc886c3885ec;
5401359124;425301001;"ООО ""Гринлайт""";УПД №210809/00/0505 от 09.08.21;210809/00/0505;09.08.2021;1 508,14;RUB - Российский рубль;251,36;0;0;251,36;10.08.2021 13:48;Требуется подпись;;10.08.2021 9:51;Головное подразделение;;;https://diadoc.kontur.ru/09cbf3c9-81c6-4000-bd85-47dad3018c22/Document/Show?letterId=fa6c6cd7-a555-4fa6-ae74-e8f22b5d8af5&documentId=ae5e34ed-cda0-4994-9757-6c56a449ea49;
5401359124;425301001;"ООО ""Гринлайт""";УПД №210811/96/0023 от 11.08.21;210811/96/0023;11.08.2021;495,2;RUB - Российский рубль;82,53;0;0;82,53;11.08.2021 16:55;Требуется подпись;;11.08.2021 13:00;Головное подразделение;;;https://diadoc.kontur.ru/09cbf3c9-81c6-4000-bd85-47dad3018c22/Document/Show?letterId=9a31d73e-0f6c-427d-8ae8-fdc851b5d935&documentId=3443c144-cb20-4f6a-a8ea-bd2681c10fe8;
5401359124;425301001;"ООО ""Гринлайт""";УПД №210817/50/0001 от 17.08.21;210817/50/0001;17.08.2021;1 084,49;RUB - Российский рубль;180,75;0;0;180,75;17.08.2021 5:27;Требуется подпись;;17.08.2021 5:03;Головное подразделение;;;https://diadoc.kontur.ru/09cbf3c9-81c6-4000-bd85-47dad3018c22/Document/Show?letterId=9172f442-47b8-4699-843b-52bb129b8624&documentId=a719cf73-20ce-491b-8ef1-9337e9a210fe;
5401359124;425301001;"ООО ""Гринлайт""";УПД №210817/35/0026 от 17.08.21;210817/35/0026;17.08.2021;775,26;RUB - Российский рубль;129,21;0;0;129,21;17.08.2021 7:48;Требуется подпись;;17.08.2021 5:03;Головное подразделение;;;https://diadoc.kontur.ru/09cbf3c9-81c6-4000-bd85-47dad3018c22/Document/Show?letterId=f7848707-38f6-4177-a20b-7db39d3a1d4f&documentId=96be4baa-341f-4e09-9675-22ef37bdc0c9;
5401359124;425301001;"ООО ""Гринлайт""";УПД №210818/78/0103 от 18.08.21;210818/78/0103;18.08.2021;7 502,82;RUB - Российский рубль;1 250,48;0;0;1 250,48;18.08.2021 14:41;Требуется подпись;;18.08.2021 10:49;Головное подразделение;;;https://diadoc.kontur.ru/09cbf3c9-81c6-4000-bd85-47dad3018c22/Document/Show?letterId=2a40a448-f5c1-4df1-803a-60c7693e092f&documentId=7b4f8a9b-71eb-4cc9-b572-cc1f99c6b55e;
5401359124;425301001;"ООО ""Гринлайт""";УПД №210827/23/0249 от 27.08.21;210827/23/0249;27.08.2021;213,2;RUB - Российский рубль;35,53;0;0;35,53;27.08.2021 15:49;Требуется подпись;;27.08.2021 12:11;Головное подразделение;;;https://diadoc.kontur.ru/09cbf3c9-81c6-4000-bd85-47dad3018c22/Document/Show?letterId=e3826f8d-08d8-4ca2-a302-6ba04e3d8bfa&documentId=f3bcae6c-742f-48f9-9a9f-d9be5d96972c;
5401359124;425301001;"ООО ""Гринлайт""";УПД №210827/30/0165 от 27.08.21;210827/30/0165;27.08.2021;3 900,25;RUB - Российский рубль;650,05;0;0;650,05;27.08.2021 10:43;Требуется подпись;;27.08.2021 7:04;Головное подразделение;;;https://diadoc.kontur.ru/09cbf3c9-81c6-4000-bd85-47dad3018c22/Document/Show?letterId=0cf23082-1d7b-4a4b-a7bc-ccdccebc8820&documentId=f3ac515c-ee88-4384-b721-0a278e68603e;
5401359124;425301001;"ООО ""Гринлайт""";УПД №210830/19/0996 от 30.08.21;210830/19/0996;30.08.2021;14 093,64;RUB - Российский рубль;2 348,94;0;0;2 348,94;30.08.2021 15:08;Требуется подпись;;30.08.2021 11:10;Головное подразделение;;;https://diadoc.kontur.ru/09cbf3c9-81c6-4000-bd85-47dad3018c22/Document/Show?letterId=4b8fa181-5d47-4441-aeef-1421c19deae7&documentId=046531eb-4fcf-4c29-a40d-8461fbc0e783;
5401359124;425301001;"ООО ""Гринлайт""";УПД №210831/66/0122 от 31.08.21;210831/66/0122;31.08.2021;7 891,12;RUB - Российский рубль;1 315,19;0;0;1 315,19;31.08.2021 14:52;Требуется подпись;;31.08.2021 11:12;Головное подразделение;;;https://diadoc.kontur.ru/09cbf3c9-81c6-4000-bd85-47dad3018c22/Document/Show?letterId=ca63ccd8-3cc9-41ab-a10c-f16ba1a44f13&documentId=c3f210cf-a066-48f9-9ca6-184531b7d20e;
5401359124;425301001;"ООО ""Гринлайт""";УПД №210903/60/0145 от 03.09.21;210903/60/0145;03.09.2021;340,05;RUB - Российский рубль;56,68;0;0;56,68;03.09.2021 17:32;Требуется подпись;;03.09.2021 13:47;Головное подразделение;;;https://diadoc.kontur.ru/09cbf3c9-81c6-4000-bd85-47dad3018c22/Document/Show?letterId=40af5bd3-3bab-4b53-93e2-855a41ccb7f4&documentId=9756d19a-d54d-4037-bff2-4672065588a9;
5401359124;425301001;"ООО ""Гринлайт""";УПД №210904/75/0074 от 04.09.21;210904/75/0074;04.09.2021;421,82;RUB - Российский рубль;70,3;0;0;70,3;30.09.2021 18:03;Требуется подпись;;30.09.2021 14:20;Головное подразделение;;;https://diadoc.kontur.ru/09cbf3c9-81c6-4000-bd85-47dad3018c22/Document/Show?letterId=64222f43-1a08-48d7-91d2-57bab7f90453&documentId=37654a79-2cda-473e-afb5-650fe8dd8b09;
5401359124;425301001;"ООО ""Гринлайт""";УПД №210904/41/0001 от 04.09.21;210904/41/0001;04.09.2021;2 411,05;RUB - Российский рубль;401,84;0;0;401,84;04.09.2021 12:01;Требуется подпись;;04.09.2021 8:06;Головное подразделение;;;https://diadoc.kontur.ru/09cbf3c9-81c6-4000-bd85-47dad3018c22/Document/Show?letterId=dbe53225-7334-4519-b501-fd183aa0bccd&documentId=f2440c44-e5f0-4383-b1a7-ce4893fc8df7;
5401359124;425301001;"ООО ""Гринлайт""";УПД №210905/39/0449 от 05.09.21;210905/39/0449;05.09.2021;126 910,56;RUB - Российский рубль;21 151,82;0;0;21 151,82;05.09.2021 23:33;Требуется подпись;;06.09.2021 4:29;Головное подразделение;;;https://diadoc.kontur.ru/09cbf3c9-81c6-4000-bd85-47dad3018c22/Document/Show?letterId=b3aa3d0e-d402-47a9-baef-967bc5fd80ee&documentId=de6e42a6-de4a-4b40-953c-0fa1ddb69066;
5401359124;425301001;"ООО ""Гринлайт""";УПД №210907/76/0001 от 07.09.21;210907/76/0001;07.09.2021;33 273,87;RUB - Российский рубль;5 545,66;0;0;5 545,66;07.09.2021 10:29;Требуется подпись;;07.09.2021 6:37;Головное подразделение;;;https://diadoc.kontur.ru/09cbf3c9-81c6-4000-bd85-47dad3018c22/Document/Show?letterId=ad58d047-bf07-4efe-a49f-97087415f0f0&documentId=eefef69d-c173-4784-801c-93120c96a8d2;
5401359124;425301001;"ООО ""Гринлайт""";УПД №210910/01/0002 от 10.09.21;210910/01/0002;10.09.2021;1 489,20;RUB - Российский рубль;248,2;0;0;248,2;10.09.2021 9:19;Требуется подпись;;10.09.2021 5:29;Головное подразделение;;;https://diadoc.kontur.ru/09cbf3c9-81c6-4000-bd85-47dad3018c22/Document/Show?letterId=e469fc7f-031d-40ce-aa36-a7a3be3c216a&documentId=303ada29-75f7-417a-99c0-737f274d703d;
5401359124;425301001;"ООО ""Гринлайт""";УПД №210911/46/0253 от 11.09.21;210911/46/0253;11.09.2021;2 835,89;RUB - Российский рубль;472,65;0;0;472,65;11.09.2021 17:15;Требуется подпись;;11.09.2021 13:30;Головное подразделение;;;https://diadoc.kontur.ru/09cbf3c9-81c6-4000-bd85-47dad3018c22/Document/Show?letterId=a73d6276-776f-4943-803e-948eda42b576&documentId=20a080eb-0e1f-40ea-8937-25a7d60422b0;
5401359124;425301001;"ООО ""Гринлайт""";УПД №210924/40/0001 от 24.09.21;210924/40/0001;24.09.2021;2 622,12;RUB - Российский рубль;437,02;0;0;437,02;24.09.2021 12:43;Требуется подпись;;24.09.2021 9:02;Головное подразделение;;;https://diadoc.kontur.ru/09cbf3c9-81c6-4000-bd85-47dad3018c22/Document/Show?letterId=f20b0425-6fb2-4a61-8631-c6efbaf8be11&documentId=1b2f48c1-82de-44b8-81a8-32744dbfbe00;
5401359124;425301001;"ООО ""Гринлайт""";УПД №210929/13/0663 от 29.09.21;210929/13/0663;29.09.2021;3 598,00;RUB - Российский рубль;599,67;0;0;599,67;29.09.2021 19:08;Требуется подпись;;29.09.2021 15:32;Головное подразделение;;;https://diadoc.kontur.ru/09cbf3c9-81c6-4000-bd85-47dad3018c22/Document/Show?letterId=41237eb8-774d-4dac-a673-7097dca90cc8&documentId=580ee961-ac1a-43ea-bb17-adc22e48caf9;
5401359124;425301001;"ООО ""Гринлайт""";УПД №211001/17/0002 от 01.10.21;211001/17/0002;01.10.2021;1 767,92;RUB - Российский рубль;294,65;0;0;294,65;01.10.2021 11:21;Требуется подпись;;01.10.2021 7:22;Головное подразделение;;;https://diadoc.kontur.ru/09cbf3c9-81c6-4000-bd85-47dad3018c22/Document/Show?letterId=cbabfec4-4be5-4f77-b4d7-b686b66ecc06&documentId=146f62d6-61cc-4a2f-a769-78833c9de0ea;
5401359124;425301001;"ООО ""Гринлайт""";УПД №211001/12/0001 от 01.10.21;211001/12/0001;01.10.2021;15 158,12;RUB - Российский рубль;2 526,36;0;0;2 526,36;01.10.2021 12:56;Требуется подпись;;01.10.2021 9:03;Головное подразделение;;;https://diadoc.kontur.ru/09cbf3c9-81c6-4000-bd85-47dad3018c22/Document/Show?letterId=66b6762c-5ca6-4784-bbf9-ed8d3a16a59e&documentId=659bee2a-5b32-4cb5-b9f9-ad717c2f9878;
5401359124;425301001;"ООО ""Гринлайт""";УПД №211004/17/0002 от 04.10.21;211004/17/0002;04.10.2021;4 538,88;RUB - Российский рубль;756,47;0;0;756,47;04.10.2021 11:05;Требуется подпись;;04.10.2021 7:12;Головное подразделение;;;https://diadoc.kontur.ru/09cbf3c9-81c6-4000-bd85-47dad3018c22/Document/Show?letterId=93fe0c18-2b8b-4d28-aeed-4bf947fb9a03&documentId=4519dc87-af9d-4e75-b9c4-65d9d95e6d4a;
5401359124;425301001;"ООО ""Гринлайт""";УПД №211005/05/0689 от 05.10.21;211005/05/0689;05.10.2021;18 269,29;RUB - Российский рубль;3 044,89;0;0;3 044,89;07.10.2021 8:12;Требуется подпись;;07.10.2021 5:07;Головное подразделение;;;https://diadoc.kontur.ru/09cbf3c9-81c6-4000-bd85-47dad3018c22/Document/Show?letterId=7373274b-e835-4b2d-b9d9-26a545940f18&documentId=668236d3-1b6d-4afb-ae1b-9cfeaeb29264;
5401359124;425301001;"ООО ""Гринлайт""";УПД №211005/45/0051 от 05.10.21;211005/45/0051;05.10.2021;3 252,47;RUB - Российский рубль;542,08;0;0;542,08;05.10.2021 12:41;Требуется подпись;;05.10.2021 8:57;Головное подразделение;;;https://diadoc.kontur.ru/09cbf3c9-81c6-4000-bd85-47dad3018c22/Document/Show?letterId=ca10b81f-a89c-403b-9d34-1b2676c13e7f&documentId=54b9bb9f-c6c8-406c-aaa7-014b57113ed2;
5401359124;425301001;"ООО ""Гринлайт""";УПД №211006/49/0021 от 06.10.21;211006/49/0021;06.10.2021;2 548,73;RUB - Российский рубль;424,79;0;0;424,79;06.10.2021 9:51;Требуется подпись;;06.10.2021 6:07;Головное подразделение;;;https://diadoc.kontur.ru/09cbf3c9-81c6-4000-bd85-47dad3018c22/Document/Show?letterId=cbc12a60-43e8-49bf-964f-cfd2756cc76a&documentId=dbd1ff44-0176-41f1-a8c0-18cdc4393183;
5401359124;425301001;"ООО ""Гринлайт""";УПД №211007/19/0087 от 07.10.21;211007/19/0087;07.10.2021;41 755,03;RUB - Российский рубль;6 959,18;0;0;6 959,18;07.10.2021 13:21;Требуется подпись;;07.10.2021 9:29;Головное подразделение;;;https://diadoc.kontur.ru/09cbf3c9-81c6-4000-bd85-47dad3018c22/Document/Show?letterId=0f4317e9-3db0-4a5a-93a2-1ae4be174db1&documentId=0c78c395-678c-4e0d-8643-8ce48f12abed;
5401359124;425301001;"ООО ""Гринлайт""";УПД №211007/39/0098 от 07.10.21;211007/39/0098;07.10.2021;6 308,80;RUB - Российский рубль;1 051,47;0;0;1 051,47;07.10.2021 13:32;Требуется подпись;;30.11.2021 14:05;Головное подразделение;;;https://diadoc.kontur.ru/09cbf3c9-81c6-4000-bd85-47dad3018c22/Document/Show?letterId=a4092404-752f-497b-8cec-a92d81c69c34&documentId=8022c97d-3193-4b1e-8a1a-693f98f4bcb6;
5401359124;425301001;"ООО ""Гринлайт""";УПД №211008/24/0053 от 08.10.21;211008/24/0053;08.10.2021;13 677,67;RUB - Российский рубль;2 279,61;0;0;2 279,61;08.10.2021 13:31;Требуется подпись;;08.10.2021 9:34;Головное подразделение;;;https://diadoc.kontur.ru/09cbf3c9-81c6-4000-bd85-47dad3018c22/Document/Show?letterId=7e9a2c67-803b-49eb-bba9-34014716b55d&documentId=5df94173-6382-4594-93ad-8ee64a8d0159;
5401359124;425301001;"ООО ""Гринлайт""";УПД №211008/08/0141 от 08.10.21;211008/08/0141;08.10.2021;1 320,13;RUB - Российский рубль;220,02;0;0;220,02;08.10.2021 11:16;Требуется подпись;;08.10.2021 7:20;Головное подразделение;;;https://diadoc.kontur.ru/09cbf3c9-81c6-4000-bd85-47dad3018c22/Document/Show?letterId=b46d94eb-4011-4548-85f6-e9cc085d4b59&documentId=f172437c-1024-4ae4-884c-e99b3bda94cd;
5401359124;425301001;"ООО ""Гринлайт""";УПД №211008/66/0113 от 08.10.21;211008/66/0113;08.10.2021;1 412,82;RUB - Российский рубль;235,47;0;0;235,47;08.10.2021 13:51;Требуется подпись;;08.10.2021 9:53;Головное подразделение;;;https://diadoc.kontur.ru/09cbf3c9-81c6-4000-bd85-47dad3018c22/Document/Show?letterId=f95e8bcf-5583-47bc-a7ec-334f3b769875&documentId=b8d5890f-26ef-4071-86d4-872397d22403;
5401359124;425301001;"ООО ""Гринлайт""";УПД №211008/13/0334 от 08.10.21;211008/13/0334;08.10.2021;4 958,27;RUB - Российский рубль;826,38;0;0;826,38;08.10.2021 15:45;Требуется подпись;;08.10.2021 11:47;Головное подразделение;;;https://diadoc.kontur.ru/09cbf3c9-81c6-4000-bd85-47dad3018c22/Document/Show?letterId=c57725b5-ad3e-4432-89ca-a695b8a331dc&documentId=c314e173-5377-4b18-b717-11fc5f8245cf;
5401359124;425301001;"ООО ""Гринлайт""";УПД №211009/40/0020 от 09.10.21;211009/40/0020;09.10.2021;29 084,99;RUB - Российский рубль;4 847,49;0;0;4 847,49;09.10.2021 14:11;Требуется подпись;;09.10.2021 10:20;Головное подразделение;;;https://diadoc.kontur.ru/09cbf3c9-81c6-4000-bd85-47dad3018c22/Document/Show?letterId=56aa0907-6336-4f79-992f-1d39d348e75a&documentId=db7af67d-e663-4260-b808-678373b5dd5a;
5401359124;425301001;"ООО ""Гринлайт""";УПД №211011/00/0344 от 11.10.21;211011/00/0344;11.10.2021;9 794,82;RUB - Российский рубль;1 632,47;0;0;1 632,47;11.10.2021 15:55;Требуется подпись;;11.10.2021 12:09;Головное подразделение;;;https://diadoc.kontur.ru/09cbf3c9-81c6-4000-bd85-47dad3018c22/Document/Show?letterId=ab41d466-a7f2-4b51-b51d-007edb1b7e1a&documentId=3d8ddeec-1f9c-4b8b-9273-76a05e59febf;
5401359124;425301001;"ООО ""Гринлайт""";УПД №211011/39/1206 от 11.10.21;211011/39/1206;11.10.2021;3 220,11;RUB - Российский рубль;536,69;0;0;536,69;11.10.2021 20:24;Требуется подпись;;11.10.2021 16:25;Головное подразделение;;;https://diadoc.kontur.ru/09cbf3c9-81c6-4000-bd85-47dad3018c22/Document/Show?letterId=da4812eb-dccd-4e7b-a8b1-a5c0e9345506&documentId=6eb1d8be-dec2-432c-bc5c-22e36cd507f9;
5401359124;425301001;"ООО ""Гринлайт""";УПД №211017/76/0031 от 17.10.21;211017/76/0031;17.10.2021;15 214,03;RUB - Российский рубль;2 535,67;0;0;2 535,67;18.10.2021 13:02;Требуется подпись;;18.10.2021 9:05;Головное подразделение;;;https://diadoc.kontur.ru/09cbf3c9-81c6-4000-bd85-47dad3018c22/Document/Show?letterId=c61f11df-bbb7-4549-8b1e-fadab8e8857d&documentId=da18377d-923f-446c-9bde-af95442497c5;
5401359124;425301001;"ООО ""Гринлайт""";УПД №211018/19/0100 от 18.10.21;211018/19/0100;18.10.2021;35 192,86;RUB - Российский рубль;5 865,48;0;0;5 865,48;18.10.2021 9:46;Требуется подпись;;18.10.2021 5:52;Головное подразделение;;;https://diadoc.kontur.ru/09cbf3c9-81c6-4000-bd85-47dad3018c22/Document/Show?letterId=037d17f4-03c4-4171-8cdd-6ed5219d8653&documentId=963741c0-1b96-41fc-bbd5-8ed186d1da7e;
5401359124;425301001;"ООО ""Гринлайт""";УПД №211019/66/0013 от 19.10.21;211019/66/0013;19.10.2021;14,68;RUB - Российский рубль;2,45;0;0;2,45;19.10.2021 7:33;Требуется подпись;;19.10.2021 5:34;Головное подразделение;;;https://diadoc.kontur.ru/09cbf3c9-81c6-4000-bd85-47dad3018c22/Document/Show?letterId=a781997b-1f5e-46a5-8a89-d9c86f02b095&documentId=6a7e42fc-bc06-41bf-921d-295c0e8c60f0;
5401359124;425301001;"ООО ""Гринлайт""";УПД №211021/30/0141 от 21.10.21;211021/30/0141;21.10.2021;7 279,15;RUB - Российский рубль;1 213,20;0;0;1 213,20;21.10.2021 10:54;Требуется подпись;;21.10.2021 7:05;Головное подразделение;;;https://diadoc.kontur.ru/09cbf3c9-81c6-4000-bd85-47dad3018c22/Document/Show?letterId=3ce630a3-cf52-4f78-a5bd-02a9c12d4863&documentId=63c10c54-4e5b-4252-b89e-e9ecef288ecd;
5401359124;425301001;"ООО ""Гринлайт""";УПД №211024/05/0186 от 24.10.21;211024/05/0186;24.10.2021;3 887,62;RUB - Российский рубль;647,95;0;0;647,95;24.10.2021 15:10;Требуется подпись;;24.10.2021 11:12;Головное подразделение;;;https://diadoc.kontur.ru/09cbf3c9-81c6-4000-bd85-47dad3018c22/Document/Show?letterId=4083f946-ca75-4966-a718-9b900e47a097&documentId=3818cf15-e35c-4258-8416-e1de1318cfce;
5401359124;425301001;"ООО ""Гринлайт""";УПД №211025/07/0112 от 25.10.21;211025/07/0112;25.10.2021;857,08;RUB - Российский рубль;142,85;0;0;142,85;26.10.2021 7:10;Требуется подпись;;26.10.2021 3:14;Головное подразделение;;;https://diadoc.kontur.ru/09cbf3c9-81c6-4000-bd85-47dad3018c22/Document/Show?letterId=720d6596-494d-44df-b20d-4a08d7e5d9b5&documentId=aac707aa-b61d-4876-92cf-0d5552fe6f05;
5401359124;425301001;"ООО ""Гринлайт""";УПД №211026/19/0124 от 26.10.21;211026/19/0124;26.10.2021;13 644,98;RUB - Российский рубль;2 274,16;0;0;2 274,16;26.10.2021 9:56;Требуется подпись;;26.10.2021 5:58;Головное подразделение;;;https://diadoc.kontur.ru/09cbf3c9-81c6-4000-bd85-47dad3018c22/Document/Show?letterId=2fbc4ee4-cc63-45a4-ae67-4dcd96ee5014&documentId=35c138db-bdbe-4f28-906a-e87b6e9c9b92;
5401359124;425301001;"ООО ""Гринлайт""";УПД №211027/30/1110 от 27.10.21;211027/30/1110;27.10.2021;11 508,72;RUB - Российский рубль;1 918,12;0;0;1 918,12;27.10.2021 18:14;Требуется подпись;;27.10.2021 14:18;Головное подразделение;;;https://diadoc.kontur.ru/09cbf3c9-81c6-4000-bd85-47dad3018c22/Document/Show?letterId=1ae7c561-e33c-4318-adac-033dbaf5257e&documentId=f04ed4e0-bd94-4474-ae45-22b2cc1031e9;
5401359124;425301001;"ООО ""Гринлайт""";УПД №211027/37/0854 от 27.10.21;211027/37/0854;27.10.2021;4 337,71;RUB - Российский рубль;722,95;0;0;722,95;27.10.2021 19:53;Требуется подпись;;27.10.2021 15:57;Головное подразделение;;;https://diadoc.kontur.ru/09cbf3c9-81c6-4000-bd85-47dad3018c22/Document/Show?letterId=da19a26d-b995-49b5-ac57-6e4eaf21f517&documentId=7f05797f-78dc-4604-8c51-1ccbae80478a;
5401359124;425301001;"ООО ""Гринлайт""";УПД №211104/44/0073 от 04.11.21;211104/44/0073;04.11.2021;1 109,01;RUB - Российский рубль;184,84;0;0;184,84;06.11.2021 6:58;Требуется подпись;;07.11.2021 7:02;Головное подразделение;;;https://diadoc.kontur.ru/09cbf3c9-81c6-4000-bd85-47dad3018c22/Document/Show?letterId=5fdaf1fa-e63a-4cc7-80fc-49d2387211f9&documentId=5fa1924e-89fb-4d40-b809-bac31d79eb9b;
5401359124;425301001;"ООО ""Гринлайт""";УПД №211109/44/0028 от 09.11.21;211109/44/0028;09.11.2021;9 452,04;RUB - Российский рубль;1 575,34;0;0;1 575,34;09.11.2021 8:07;Требуется подпись;;09.11.2021 4:13;Головное подразделение;;;https://diadoc.kontur.ru/09cbf3c9-81c6-4000-bd85-47dad3018c22/Document/Show?letterId=a7a47991-2844-4f3d-b171-ff1ba7c2a87c&documentId=0a8516b6-d3da-42ef-88ec-fbaade9f0d6b;
5401359124;425301001;"ООО ""Гринлайт""";УПД №211112/57/0001 от 12.11.21;211112/57/0001;12.11.2021;4 112,21;RUB - Российский рубль;685,37;0;0;685,37;12.11.2021 10:04;Требуется подпись;;12.11.2021 6:08;Головное подразделение;;;https://diadoc.kontur.ru/09cbf3c9-81c6-4000-bd85-47dad3018c22/Document/Show?letterId=d87b1376-6a5c-4710-9e96-d3433bf46e86&documentId=d47b2bbf-afa4-4ef7-b8f5-4bfb1ec577c7;
5401359124;425301001;"ООО ""Гринлайт""";УПД №211117/75/0120 от 17.11.21;211117/75/0120;17.11.2021;4 578,58;RUB - Российский рубль;763,1;0;0;763,1;18.11.2021 9:53;Требуется подпись;;18.11.2021 5:55;Головное подразделение;;;https://diadoc.kontur.ru/09cbf3c9-81c6-4000-bd85-47dad3018c22/Document/Show?letterId=a8b13533-7371-42cc-953f-4d6a0caa8c86&documentId=7f529513-645d-41f5-a274-d43f94787318;
5401359124;425301001;"ООО ""Гринлайт""";УПД №211122/00/0291 от 22.11.21;211122/00/0291;22.11.2021;12 876,97;RUB - Российский рубль;2 146,16;0;0;2 146,16;22.11.2021 15:37;Требуется подпись;;22.11.2021 11:43;Головное подразделение;;;https://diadoc.kontur.ru/09cbf3c9-81c6-4000-bd85-47dad3018c22/Document/Show?letterId=fa53ca65-ab36-4334-a63d-ccba070d3e6d&documentId=23e3d80c-1ee9-4095-9409-77d83136174b;
5401359124;425301001;"ООО ""Гринлайт""";УПД №211122/78/0082 от 22.11.21;211122/78/0082;22.11.2021;1 609,16;RUB - Российский рубль;268,19;0;0;268,19;22.11.2021 14:42;Требуется подпись;;22.11.2021 10:43;Головное подразделение;;;https://diadoc.kontur.ru/09cbf3c9-81c6-4000-bd85-47dad3018c22/Document/Show?letterId=ea7d68a1-9813-4bb4-9b5d-b6aff103bd0c&documentId=053454bf-0236-4dcb-aad2-b2c96fdff9e8;
5401359124;425301001;"ООО ""Гринлайт""";УПД №211124/104/0004 от 24.11.21;211124/104/0004;24.11.2021;499,72;RUB - Российский рубль;83,31;0;0;83,31;24.11.2021 9:28;Требуется подпись;;24.11.2021 5:44;Головное подразделение;;;https://diadoc.kontur.ru/09cbf3c9-81c6-4000-bd85-47dad3018c22/Document/Show?letterId=5e4eb270-a3d7-47e3-8402-dbf6b67e7677&documentId=9a78f47f-71bf-419f-8536-3fba9cf0a7c2;
5401359124;425301001;"ООО ""Гринлайт""";УПД №211129/19/0109 от 29.11.21;211129/19/0109;29.11.2021;18 526,68;RUB - Российский рубль;3 087,78;0;0;3 087,78;29.11.2021 9:51;Требуется подпись;;29.11.2021 5:56;Головное подразделение;;;https://diadoc.kontur.ru/09cbf3c9-81c6-4000-bd85-47dad3018c22/Document/Show?letterId=bfd3150f-9344-4fcb-b104-58aeb424c95a&documentId=b5a72df4-1277-4bbd-ad7c-e4baa7bd3359;
5401359124;425301001;"ООО ""Гринлайт""";УПД №211201/23/0185 от 01.12.21;211201/23/0185;01.12.2021;153,29;RUB - Российский рубль;25,55;0;0;25,55;01.12.2021 16:02;Требуется подпись;;01.12.2021 12:11;Головное подразделение;;;https://diadoc.kontur.ru/09cbf3c9-81c6-4000-bd85-47dad3018c22/Document/Show?letterId=85d74d68-da98-4b6f-bff1-962990066b59&documentId=f9d3a2fc-41ab-486f-a8cd-99ee8dd4c267;
5401359124;425301001;"ООО ""Гринлайт""";УПД №211203/22/0165 от 03.12.21;211203/22/0165;03.12.2021;754,98;RUB - Российский рубль;125,83;0;0;125,83;03.12.2021 19:53;Требуется подпись;;03.12.2021 16:09;Головное подразделение;;;https://diadoc.kontur.ru/09cbf3c9-81c6-4000-bd85-47dad3018c22/Document/Show?letterId=b27a272d-29c9-43dc-8cf6-4a880226bde4&documentId=176620cd-2e13-4582-af32-40b07c933b0a;
5401359124;425301001;"ООО ""Гринлайт""";УПД №211204/43/0009 от 04.12.21;211204/43/0009;04.12.2021;15 295,21;RUB - Российский рубль;2 549,20;0;0;2 549,20;07.12.2021 9:16;Требуется подпись;;07.12.2021 5:19;Головное подразделение;;;https://diadoc.kontur.ru/09cbf3c9-81c6-4000-bd85-47dad3018c22/Document/Show?letterId=5e13f3e9-4db3-4631-ba01-8a5707128f32&documentId=5d9ca871-572b-4fd8-824b-59666f2440b6;
5401359124;425301001;"ООО ""Гринлайт""";УПД №211207/45/0140 от 07.12.21;211207/45/0140;07.12.2021;8 693,62;RUB - Российский рубль;1 448,94;0;0;1 448,94;07.12.2021 14:57;Требуется подпись;;07.12.2021 11:07;Головное подразделение;;;https://diadoc.kontur.ru/09cbf3c9-81c6-4000-bd85-47dad3018c22/Document/Show?letterId=379dd64d-6605-49e0-8bf5-45b19422ffb3&documentId=28cc9bf8-8d5c-4bbf-8973-237454a4c502;
5401359124;425301001;"ООО ""Гринлайт""";УПД №211207/75/0111 от 07.12.21;211207/75/0111;07.12.2021;1 138,92;RUB - Российский рубль;189,82;0;0;189,82;08.12.2021 12:41;Требуется подпись;;08.12.2021 8:49;Головное подразделение;;;https://diadoc.kontur.ru/09cbf3c9-81c6-4000-bd85-47dad3018c22/Document/Show?letterId=a9fc9d7e-da5b-4c60-b8bd-579b4fc42123&documentId=2d2855a1-7642-4003-a6b9-e3da7e7addb9;
5401359124;425301001;"ООО ""Гринлайт""";УПД №211208/26/0278 от 08.12.21;211208/26/0278;08.12.2021;246,68;RUB - Российский рубль;41,11;0;0;41,11;08.12.2021 19:31;Требуется подпись;;08.12.2021 15:38;Головное подразделение;;;https://diadoc.kontur.ru/09cbf3c9-81c6-4000-bd85-47dad3018c22/Document/Show?letterId=111f9aa6-13a4-4163-ad41-c2123c028e29&documentId=f86986bf-95fe-4a02-8e3b-375bfef3a65c;
5401359124;425301001;"ООО ""Гринлайт""";УПД №211208/26/0279 от 08.12.21;211208/26/0279;08.12.2021;6 472,74;RUB - Российский рубль;1 078,79;0;0;1 078,79;08.12.2021 19:31;Требуется подпись;;08.12.2021 15:38;Головное подразделение;;;https://diadoc.kontur.ru/09cbf3c9-81c6-4000-bd85-47dad3018c22/Document/Show?letterId=676c406c-823e-4858-b0f3-726cdbfa6639&documentId=a232f2e5-cd45-42f1-b4af-834b6d515d00;
5401359124;425301001;"ООО ""Гринлайт""";УПД №211208/26/0280 от 08.12.21;211208/26/0280;08.12.2021;95,66;RUB - Российский рубль;15,94;0;0;15,94;08.12.2021 19:31;Требуется подпись;;08.12.2021 15:38;Головное подразделение;;;https://diadoc.kontur.ru/09cbf3c9-81c6-4000-bd85-47dad3018c22/Document/Show?letterId=f7b6507a-9d34-40a8-83b4-4536d0b18421&documentId=b46395f7-1975-4e7d-84a0-d55d4a2dfa70;
5401359124;425301001;"ООО ""Гринлайт""";УПД №211208/26/0281 от 08.12.21;211208/26/0281;08.12.2021;7 962,86;RUB - Российский рубль;1 327,14;0;0;1 327,14;08.12.2021 19:31;Требуется подпись;;08.12.2021 15:38;Головное подразделение;;;https://diadoc.kontur.ru/09cbf3c9-81c6-4000-bd85-47dad3018c22/Document/Show?letterId=c95652fb-889d-4826-84ed-30cd28361038&documentId=8a6f742c-c532-462a-a009-54ab2fc713ec;
5401359124;425301001;"ООО ""Гринлайт""";УПД №211208/26/0277 от 08.12.21;211208/26/0277;08.12.2021;848,4;RUB - Российский рубль;141,4;0;0;141,4;08.12.2021 19:31;Требуется подпись;;08.12.2021 15:38;Головное подразделение;;;https://diadoc.kontur.ru/09cbf3c9-81c6-4000-bd85-47dad3018c22/Document/Show?letterId=e1ede92e-f723-4ae2-a5a3-a86efb47d21f&documentId=369b4359-3c1d-4d26-a788-ae19cb37afae;
5401359124;425301001;"ООО ""Гринлайт""";УПД №211208/26/0275 от 08.12.21;211208/26/0275;08.12.2021;325,69;RUB - Российский рубль;54,28;0;0;54,28;08.12.2021 19:31;Требуется подпись;;08.12.2021 15:38;Головное подразделение;;;https://diadoc.kontur.ru/09cbf3c9-81c6-4000-bd85-47dad3018c22/Document/Show?letterId=b24dd7ed-196e-456b-a6c0-267f4bb5361a&documentId=fbf6c349-6684-4593-a0c9-943e1b197f53;
5401359124;425301001;"ООО ""Гринлайт""";УПД №211209/39/0669 от 09.12.21;211209/39/0669;09.12.2021;1 052,30;RUB - Российский рубль;175,38;0;0;175,38;09.12.2021 17:19;Требуется подпись;;09.12.2021 13:34;Головное подразделение;;;https://diadoc.kontur.ru/09cbf3c9-81c6-4000-bd85-47dad3018c22/Document/Show?letterId=ef628d47-6652-4576-bab5-1a0c9280ec39&documentId=8bc8d9ba-1c0f-433e-8f4b-04cf08e6ebc6;
5401359124;425301001;"ООО ""Гринлайт""";УПД №211210/40/0001 от 10.12.21;211210/40/0001;10.12.2021;4 259,24;RUB - Российский рубль;709,87;0;0;709,87;10.12.2021 12:00;Требуется подпись;;10.12.2021 8:01;Головное подразделение;;;https://diadoc.kontur.ru/09cbf3c9-81c6-4000-bd85-47dad3018c22/Document/Show?letterId=1010bd85-b750-4ad5-a786-f973facd7918&documentId=006c7717-6edb-4377-84e6-b8833c1f995b;
5401359124;425301001;"ООО ""Гринлайт""";УПД №211214/31/0258 от 14.12.21;211214/31/0258;14.12.2021;1 631,02;RUB - Российский рубль;271,84;0;0;271,84;15.12.2021 15:46;Требуется подпись;;15.12.2021 11:51;Головное подразделение;;;https://diadoc.kontur.ru/09cbf3c9-81c6-4000-bd85-47dad3018c22/Document/Show?letterId=b8b79d93-8836-4684-85b6-7e9d46daf5e0&documentId=02e01328-aeb1-49de-8227-dcb7f42d54bf;
5401359124;425301001;"ООО ""Гринлайт""";УПД №211214/13/0640 от 14.12.21;211214/13/0640;14.12.2021;382,35;RUB - Российский рубль;63,73;0;0;63,73;14.12.2021 18:56;Требуется подпись;;14.12.2021 15:00;Головное подразделение;;;https://diadoc.kontur.ru/09cbf3c9-81c6-4000-bd85-47dad3018c22/Document/Show?letterId=c1c60dd9-6b31-4981-b3e9-8ea275881f06&documentId=f85f7ad7-ea46-4ddc-949a-f4c25116a6df;
5401359124;425301001;"ООО ""Гринлайт""";УПД №211215/35/0023 от 15.12.21;211215/35/0023;15.12.2021;659,63;RUB - Российский рубль;109,94;0;0;109,94;15.12.2021 7:36;Требуется подпись;;15.12.2021 4:03;Головное подразделение;;;https://diadoc.kontur.ru/09cbf3c9-81c6-4000-bd85-47dad3018c22/Document/Show?letterId=c033d248-1a3c-4bfa-92d4-fdefef863134&documentId=f96c45c1-7aee-45dd-a937-d092d41523ce;
5401359124;425301001;"ООО ""Гринлайт""";УПД №211215/32/0102 от 15.12.21;211215/32/0102;15.12.2021;4 472,21;RUB - Российский рубль;745,37;0;0;745,37;15.12.2021 9:15;Требуется подпись;;15.12.2021 5:30;Головное подразделение;;;https://diadoc.kontur.ru/09cbf3c9-81c6-4000-bd85-47dad3018c22/Document/Show?letterId=7cc758d3-85d2-46ec-9695-eb503a0c78e4&documentId=b2e74a11-5267-411b-9e9f-e5387db69699;
5401359124;425301001;"ООО ""Гринлайт""";УПД №211217/19/0031 от 17.12.21;211217/19/0031;17.12.2021;30 159,31;RUB - Российский рубль;5 026,57;0;0;5 026,57;17.12.2021 8:46;Требуется подпись;;17.12.2021 5:05;Головное подразделение;;;https://diadoc.kontur.ru/09cbf3c9-81c6-4000-bd85-47dad3018c22/Document/Show?letterId=359cd656-8e54-463b-b159-3a804c2deb2a&documentId=7ab84693-4915-4028-a9ec-3898b25dbf78;
5401359124;425301001;"ООО ""Гринлайт""";УПД №211218/46/0002 от 18.12.21;211218/46/0002;18.12.2021;2 670,82;RUB - Российский рубль;445,14;0;0;445,14;18.12.2021 10:01;Требуется подпись;;18.12.2021 8:21;Головное подразделение;;;https://diadoc.kontur.ru/09cbf3c9-81c6-4000-bd85-47dad3018c22/Document/Show?letterId=81550e86-d60d-40b2-b004-4bcc2a210fb1&documentId=1fd0f654-fa83-4d0a-8b65-6cf80bd4dd75;
5401359124;425301001;"ООО ""Гринлайт""";УПД №211220/57/0001 от 20.12.21;211220/57/0001;20.12.2021;2 022,28;RUB - Российский рубль;337,05;0;0;337,05;20.12.2021 9:23;Требуется подпись;;20.12.2021 5:25;Головное подразделение;;;https://diadoc.kontur.ru/09cbf3c9-81c6-4000-bd85-47dad3018c22/Document/Show?letterId=710de02f-6be4-4d59-8833-7566ed3acd17&documentId=4b3cb16a-71d7-4987-86f2-ee5b5a63c594;
5401359124;425301001;"ООО ""Гринлайт""";УПД №211224/37/0663 от 24.12.21;211224/37/0663;24.12.2021;5 364,19;RUB - Российский рубль;894,03;0;0;894,03;24.12.2021 18:27;Требуется подпись;;24.12.2021 14:32;Головное подразделение;;;https://diadoc.kontur.ru/09cbf3c9-81c6-4000-bd85-47dad3018c22/Document/Show?letterId=6388a184-98ed-421b-9a9d-f309a90d9bc5&documentId=16340eb1-93ba-4803-87e6-4b8c460c3a40;
5401359124;425301001;"ООО ""Гринлайт""";УПД №211224/60/0244 от 24.12.21;211224/60/0244;24.12.2021;3 716,28;RUB - Российский рубль;619,38;0;0;619,38;25.12.2021 4:20;Требуется подпись;;25.12.2021 0:35;Головное подразделение;;;https://diadoc.kontur.ru/09cbf3c9-81c6-4000-bd85-47dad3018c22/Document/Show?letterId=66df9d79-90ca-4bd3-bb51-239eaf2332b2&documentId=e4f67d04-2dfe-4a81-96fc-852dfb484b52;
5401359124;425301001;"ООО ""Гринлайт""";УПД №211224/39/0748 от 24.12.21;211224/39/0748;24.12.2021;14 947,95;RUB - Российский рубль;2 491,33;0;0;2 491,33;24.12.2021 17:34;Требуется подпись;;24.12.2021 13:57;Головное подразделение;;;https://diadoc.kontur.ru/09cbf3c9-81c6-4000-bd85-47dad3018c22/Document/Show?letterId=ba23493e-730e-4934-96dd-ca73e8d95f78&documentId=1702c123-639f-47c1-8825-1566d3c1bd3d;
5401359124;425301001;"ООО ""Гринлайт""";УПД №211225/75/0002 от 25.12.21;211225/75/0002;25.12.2021;9 799,97;RUB - Российский рубль;1 633,34;0;0;1 633,34;25.12.2021 9:13;Требуется подпись;;25.12.2021 5:36;Головное подразделение;;;https://diadoc.kontur.ru/09cbf3c9-81c6-4000-bd85-47dad3018c22/Document/Show?letterId=6da3704a-5c5f-4cd8-bb75-d5e04528842c&documentId=2be3486b-7075-48ee-9669-3de5267cc775;
5401359124;425301001;"ООО ""Гринлайт""";УПД №211227/67/0056 от 27.12.21;211227/67/0056;27.12.2021;7 677,83;RUB - Российский рубль;1 279,63;0;0;1 279,63;27.12.2021 10:27;Требуется подпись;;27.12.2021 6:30;Головное подразделение;;;https://diadoc.kontur.ru/09cbf3c9-81c6-4000-bd85-47dad3018c22/Document/Show?letterId=dc743372-c744-42f9-aac7-9dfc8c13c93a&documentId=45d94f8f-4770-4199-9f12-ddbd60b4037f;
5401359124;425301001;"ООО ""Гринлайт""";УПД №211227/32/0366 от 27.12.21;211227/32/0366;27.12.2021;1 238,66;RUB - Российский рубль;206,44;0;0;206,44;30.12.2021 9:18;Требуется подпись;;30.12.2021 5:19;Головное подразделение;;;https://diadoc.kontur.ru/09cbf3c9-81c6-4000-bd85-47dad3018c22/Document/Show?letterId=873c732c-d41e-41b9-a809-cfeb70953681&documentId=ec1fd98f-fb9e-4934-b810-bfd5d3b61d28;
5401359124;425301001;"ООО ""Гринлайт""";УПД №211228/66/0047 от 28.12.21;211228/66/0047;28.12.2021;4 549,31;RUB - Российский рубль;758,22;0;0;758,22;28.12.2021 12:20;Требуется подпись;;28.12.2021 8:36;Головное подразделение;;;https://diadoc.kontur.ru/09cbf3c9-81c6-4000-bd85-47dad3018c22/Document/Show?letterId=5fb98a82-6683-4490-9f62-32e167ddcb33&documentId=c225e0b9-0b05-4adf-9283-8bb026319901;
5401359124;425301001;"ООО ""Гринлайт""";УПД №211230/86/0027 от 30.12.21;211230/86/0027;30.12.2021;20 974,00;RUB - Российский рубль;3 495,66;0;0;3 495,66;30.12.2021 8:58;Требуется подпись;;30.12.2021 5:19;Головное подразделение;;;https://diadoc.kontur.ru/09cbf3c9-81c6-4000-bd85-47dad3018c22/Document/Show?letterId=d0e4ec35-1ab0-4322-b152-e1669519a833&documentId=6edbee39-1094-4d22-ade3-f406692dc514;
5401359124;425301001;"ООО ""Гринлайт""";УПД №211231/112/0028 от 31.12.21;211231/112/0028;31.12.2021;2 124,21;RUB - Российский рубль;354,04;0;0;354,04;31.12.2021 12:08;Требуется подпись;;31.12.2021 8:12;Головное подразделение;;;https://diadoc.kontur.ru/09cbf3c9-81c6-4000-bd85-47dad3018c22/Document/Show?letterId=266f104d-33a7-4cb4-9c1c-415691cc9966&documentId=33dc2548-4dfa-4ffd-8a2a-e1d5f6d2dad4;
